{
    "1": {
        "count_0": 4024,
        "count_1": 12360,
        "percent_0": 0.24560546875,
        "percent_1": 0.75439453125
    },
    "10": {
        "count_0": 4253,
        "count_1": 12131,
        "percent_0": 0.25958251953125,
        "percent_1": 0.74041748046875
    },
    "2": {
        "count_0": 3906,
        "count_1": 12478,
        "percent_0": 0.2384033203125,
        "percent_1": 0.7615966796875
    },
    "3": {
        "count_0": 4304,
        "count_1": 12080,
        "percent_0": 0.2626953125,
        "percent_1": 0.7373046875
    },
    "4": {
        "count_0": 4296,
        "count_1": 12088,
        "percent_0": 0.26220703125,
        "percent_1": 0.73779296875
    },
    "5": {
        "count_0": 4298,
        "count_1": 12086,
        "percent_0": 0.2623291015625,
        "percent_1": 0.7376708984375
    },
    "6": {
        "count_0": 4510,
        "count_1": 11874,
        "percent_0": 0.2752685546875,
        "percent_1": 0.7247314453125
    },
    "7": {
        "count_0": 4947,
        "count_1": 11437,
        "percent_0": 0.30194091796875,
        "percent_1": 0.69805908203125
    },
    "8": {
        "count_0": 4021,
        "count_1": 12363,
        "percent_0": 0.24542236328125,
        "percent_1": 0.75457763671875
    },
    "9": {
        "count_0": 4239,
        "count_1": 12145,
        "percent_0": 0.25872802734375,
        "percent_1": 0.74127197265625
    }
}